-	a	b	c	d	e	f	g	h	i	j	k	l	m	n	o	p	q	r	s	t	u	v	w	x	y	z
0.0	8.56710464335468	27.378626369549625	19.239172467130704	15.978648208707893	3.712218109811287	28.388164701013864	14.568734870684164	14.026664180495992	4.376915117991166	51.84717398168614	14.116846144324793	4.816691322443911	17.849462365591396	4.27105447169324	4.59834087127692	31.29485818098077	30.85163363685056	6.00739199304283	18.0318470424675	8.48388088803973	18.75951598685792	17.049115329335383	28.447778418926717	5.553952683208309	1.2983494901414447	11.217494089834515
0.0	0.0	0.0	0.0	0.0	0.0	0.0	0.0	0.0	0.0	0.0	0.0	0.0	0.0	0.0	0.0	0.0	0.0	0.0	0.0	0.0	0.0	0.0	0.0	0.0	0.0	0.0
0.0	0.0	0.0	0.0	0.0	0.0	0.0	0.0	0.0	0.0	0.0	0.0	0.0	0.0	0.0	0.0	0.0	0.0	0.0	0.0	0.0	0.0	0.0	0.0	0.0	0.0	0.0
0.0	0.0	0.0	0.0	0.0	0.0	0.0	0.0	0.0	0.0	0.0	0.0	0.0	0.0	0.0	0.0	0.0	0.0	0.0	0.0	0.0	0.0	0.0	0.0	0.0	0.0	0.0
0.0	0.00250558746003588	0.0	0.0019334880123743233	0.0	0.0012748001750725573	0.0	0.0	0.006215426689042203	0.0	0.0	0.0	0.0007665008469834359	0.0	0.0006299490371228968	0.0011717010756215874	0.0012793777106815244	0.0	0.0006211758859521073	0.0014332602370612433	0.0	0.0	0.0	0.0	0.0	0.0	0.0
0.0	0.04008939936057408	0.0049464546286449185	0.012567672080433101	0.004399407546450411	0.028895470634977966	0.0	0.0	0.1414009571757101	0.02039476302280234	0.0	0.0	0.04522354997202272	0.007074136955291454	0.07559388445474761	0.02870667635272889	0.02558755421363049	0.08034279592929834	0.0335434978414138	0.022932163792979892	0.009814762711753506	0.0343434112165581	0.05451751994845616	0.0	0.04327755337564916	0.09481240688067182	0.01182033096926714
0.0	0.2400352786714373	0.024732273143224594	0.10827532869296211	0.03519526037160329	0.30042790792543267	0.008276432857438443	0.014863889242791013	0.6603890857107341	0.1800708344940109	0.0	0.0	0.1854932049699915	0.08205998868138087	0.7005033292806612	0.35795467860239494	0.1880685234701841	0.3749330476700589	0.3633878932819828	0.14332602370612432	0.06477743389757314	0.4853868785273545	0.550131337661694	0.014425851125216388	0.4760530871321408	0.5127609759873067	0.01182033096926714
0.0	0.6138689277087906	0.11129522914451068	0.32385924207269917	0.10705225029696001	0.9352783951115663	0.09517897786054211	0.05520873147322376	1.2430853378084405	0.5063870428588484	0.031575623618566466	0.030944423814828568	0.39398143534948604	0.31833616298811546	1.6794441329696428	1.0557026691350502	0.39404833488990954	1.1247991430101767	0.9454296984191074	0.2959682389531467	0.1871348090374335	1.2592584112737972	1.3282450314714773	0.05049047893825736	2.380265435660704	1.180317718310404	0.1182033096926714
0.0	1.5554686951902743	0.3165730962332748	0.7105568445475638	0.2947603056121776	2.2568212432701173	0.27312228429546864	0.14439206692996984	2.5483249425073033	1.1326554976322178	0.0	0.12377769525931427	0.9067705019814047	0.8036219581211093	3.6033084923429692	2.570126309375952	0.9646507938538694	2.811997857525442	2.2008261639283164	0.4421607831333935	0.42530638417598526	2.4051835655329525	2.4731129503890568	0.3173687247547605	5.799192152336988	2.443838161026296	0.2364066193853428
0.0	1.3284624713110236	0.36851086983404646	0.544276875483372	0.22290331568682084	1.7073823678138451	0.33105731429753776	0.15076230517688027	1.8180123065448444	0.8894106410919654	0.12630249447426586	0.1361554647852457	0.752703831737734	0.6536502546689303	2.3371109277259468	1.8501159984064866	0.7138927625602907	2.0085698982324587	1.4883374227412491	0.27733585587135057	0.3147267242902291	1.8488203038247113	1.6256133220994202	0.3462204270051933	4.068090017311022	1.7472572125152377	0.2127659574468085
0.0	1.7408821672329293	0.47238641703558976	0.6380510440835266	0.33728791189453156	1.9172994633091263	0.48003310573142977	0.16987301991761158	2.043321524022624	1.2808906044808788	0.12630249447426586	0.3218220076742171	0.9343645324728084	0.6989247311827957	2.514756556194604	2.121364797412884	0.9595332830111434	2.3567220139260847	1.770351274963506	0.33394963523526966	0.44689886214184293	2.328483280482639	1.8535956782475096	0.5842469705712637	4.140219272937103	1.9078578200886205	0.28368794326241137
0.0	2.135762750934584	0.4624935077782999	0.7095901005413766	0.3490196653517326	2.07367495145136	0.5090006207324643	0.2038476239011339	2.2251227546771086	1.3972899836841897	0.0947268708556994	0.3589553162520114	1.1098932264320152	0.7159026598754952	2.153795757923184	2.336957795327256	1.1053823420288371	2.8655597214783075	1.8101065316644407	0.37623081222857635	0.5679476022534695	2.7085503646125493	2.0072359617386133	1.0242354298903635	4.702827466820542	1.83432983107912	0.28368794326241137
0.0	0.05111398418473195	0.07419681942967378	0.14211136890951276	0.0953204968397589	0.10028428043904118	0.033105731429753774	0.04034484223043275	0.037292560134253215	0.03681006008993593	0.06315124723713293	0.0	0.07511708300437672	0.09620826259196379	0.08756291616008265	0.062100157007944135	0.22261172165858525	0.08034279592929834	0.0770258098580613	0.07237964197159279	0.12824623276691247	0.05037033645095188	0.014868414531397135	0.007212925562608194	0.1154068090017311	0.07933283024709274	0.0
0.0	2.474518175531435	0.8359508322409913	1.2151972157772621	0.7537651596251704	2.247047775261228	0.5338299193047796	0.46715080477343185	1.9827211138044627	1.5599506546221498	0.5367856015156299	0.6560217848743657	1.4448540965637766	1.1813808715336729	2.116628764732933	2.6451151782157334	1.7936875503754974	2.9726834493840384	1.9337205329689102	0.6908314342635192	1.0560684677846772	2.9180451730335535	2.279823561480894	1.0963646855164455	3.303519907674553	1.6969485884561057	0.3309692671394799
0.0	2.2936147609168445	0.8631563326985383	1.0324825986078887	0.759631036353771	1.831887851579265	0.6952203600248293	0.5542107274812078	1.7791658897383305	1.3415774603048272	0.4420587306599305	0.6498329001113999	1.3260464652813442	1.085172608941709	1.5162873323548125	2.0282145619009677	1.6401622250937145	2.0889126941617566	1.6591607913780786	0.7288128305456422	1.0096119242823773	2.7074055842386637	1.1845170243346383	1.1829197922677437	2.264858626658973	1.1551634062808382	0.7683215130023641
0.0	0.5186566042274272	0.8681027873271833	0.998646558391338	0.7171034300714171	0.6068048833345373	0.8317815021725636	0.5627043784770884	0.32320218783019455	0.33377770703171633	0.6946637196084623	0.11139992573338285	0.664556234334639	0.9380305602716469	0.8674398241182288	0.5149626227356877	1.2768189552601614	0.7766470273165507	0.8292698077460633	0.6850983933152742	0.9350197276730506	0.44303000469359954	0.6393418248500768	0.32458165031736874	0.9088286208886325	0.4798668756409512	0.13002364066193853
0.0	0.014532407268208104	0.007419681942967378	0.037703016241299306	0.005865876728600549	0.02422120332637859	0.012414649286157667	0.006370238246910434	0.03418484678973212	0.017907596800509372	0.0	0.0	0.006132006775867487	0.011318619128466326	0.01700862400231821	0.02226232043681016	0.02047004337090439	0.0	0.03230114606950958	0.012182712015020566	0.027481335592909814	0.01717170560827905	0.009912276354264758	0.0	0.014425851125216388	0.003869894158394768	0.04728132387706856
0.0	2.392334906842258	1.5680261172804393	1.6076952822892498	1.2567640891026675	1.9487445342942493	1.2993999586178357	0.998003992015968	1.5476412455715085	1.4161924469736162	1.1367224502683928	0.5508107439039485	1.51920467872117	1.6567628749292587	1.8205527172851717	2.0903147189089117	2.0623568696186174	1.847884306373862	1.892722924496071	1.1466081896489946	1.4735230417912597	2.602085789841219	1.2935520642315508	1.1829197922677437	2.870744373918061	1.2325612894487337	0.4846335697399527
0.0	0.9952193391262515	1.8005094848267504	1.5989945862335653	1.4122098224105821	0.9862704021144686	1.5601075936271467	1.1487662971928483	0.6308658089377835	0.8147956544231764	1.3893274392169246	0.2723109295704914	1.316848455117543	1.6383701188455009	1.4646315113107349	1.028167693857943	1.9817560738456814	1.6068559185859668	1.7386713047799485	1.269151939917731	1.504275964954754	0.9478781495770037	1.2737275115230213	0.6852279284477785	2.106174264281593	0.7120605251446372	0.4373522458628842
0.0	0.11024584824157872	0.05193777360077165	0.24845320959010053	0.10118637356835947	0.20779242853682686	0.07862611214566521	0.08705992270777593	0.17869351730996333	0.16962473636038045	0.0947268708556994	0.04332219334076	0.059787066064708	0.10186757215619695	0.1348090939442999	0.17868441403229207	0.182951012627458	0.10712372790573112	0.2521974096965556	0.08814550457926645	0.19891252429153772	0.1614140327178231	0.07929821083411806	0.0	0.259665320253895	0.07546293608869797	0.16548463356973994
0.0	2.2650510638724355	2.540004451809166	2.1162026295436966	1.9504040122596824	1.8854294589323124	2.267742602938134	1.730581390410668	1.7931505997886754	1.6703808348919575	2.968108620145248	0.971654907785617	2.145435870706637	2.474533106960951	2.035995287981202	2.3187964286551215	2.512697823778514	2.196036422067488	2.8499549647482683	1.6883805592581445	2.0983962677728996	2.2987189907616226	2.344253357783615	2.2864974033467975	3.000577034045009	1.093245099746522	1.1347517730496455
0.0	0.31420066748849934	0.19043850320282937	0.6167826759474091	0.438474285462891	0.5638866107737612	0.44278915787295675	0.29303095935788	0.5422959786189322	0.4904691790361733	0.34733185980423115	0.11758881049634856	0.2621432896683351	0.3862478777589134	0.35403135886306797	0.49914465821479626	0.575719969806686	0.7766470273165507	0.7280181383358698	0.27375270527869744	0.5941203028181455	0.43387176170251734	0.3964910541705903	0.06491633006347375	0.6635891517599538	0.216714072870107	0.28368794326241137
0.0	1.378073103019734	2.277842356490985	1.77107501933488	1.6116496311830006	1.0466109437345696	1.8373680943513346	1.6944833736781755	0.6759276524333395	1.067491742608142	2.1787180296810864	0.7426661715558857	1.6939668718333933	1.9269949066213923	1.5156573833176896	1.3884657746115812	1.7770556401366375	1.821103374397429	2.1151038916669256	1.5536540969743877	1.5723249864229116	1.2855883598731583	2.1113148634583934	1.8104443162146566	2.495672244662435	0.6694916894022949	1.0047281323877069
0.0	0.5261733666075348	0.3907699156629486	0.8894044856921887	0.5836547344957546	0.7980249095954209	0.6993585764535485	0.48413810676519303	0.812667039592268	0.6794938119304389	0.5683612251341964	0.24136650575566282	0.4499359971792769	0.6253537068477646	0.5108886691066693	0.8090595927167061	0.7906554252011821	0.9105516871987145	0.9361120601298257	0.40847916756245434	0.8290202903861128	0.6158918411502753	0.7384645883927244	0.16589728793998845	0.9376803231390652	0.38505446876027943	0.49645390070921985
0.0	0.05762851158082524	0.03957163702915935	0.08700696055684455	0.10998518866126028	0.06586467571208213	0.02069108214359611	0.029727778485582026	0.1196469637640624	0.054717656890445304	0.031575623618566466	0.030944423814828568	0.034492538114254616	0.13440860215053763	0.07370403734337892	0.17106835704075177	0.08571830661566214	0.05356186395286556	0.1683386650930211	0.060196929956572214	0.11450556497045757	0.04693599532929608	0.024780690885661892	0.0	0.05770340450086555	0.05804841237592152	0.04728132387706856
0.0	2.6604327650660973	2.9777656864442412	2.7706883217324054	2.4138082738191255	2.3001644492225846	2.8057107386716327	2.5756996645007857	2.4255702653987194	2.3021210553543714	3.536469845279444	2.0361430870157196	2.5838743551811625	3.048953027730617	2.3893966978071473	3.1190682633046656	2.7020457249593797	3.0262453133369043	3.6649377271174335	2.0638947413681903	2.6100725638123157	2.787540210410633	3.513901967586856	2.5750144258511254	3.822850548182343	1.5150635630115517	1.867612293144208
0.0	0.020545817172294215	0.024732273143224594	0.036736272235112145	0.023463506914402195	0.008923601225507902	0.0	0.021234127489701448	0.02641556342842936	0.008953798400254686	0.0	0.0	0.010731011857768103	0.03678551216751556	0.016378674965195315	0.04452464087362032	0.033263820477719634	0.0	0.026710563095940616	0.021498903555918648	0.009160445197636605	0.009158242991082161	0.009912276354264758	0.0	0.028851702250432775	0.013544629554381687	0.0
50.0	1.1886506910410215	1.1104790641307842	1.608662026295437	1.4664691821501372	1.514887541377889	1.3863025036209393	1.291034951373848	1.7123500528311268	1.3157109315929802	1.6419324281654564	1.0954326030449313	1.1175582349018496	1.586021505376344	1.0898118342226113	1.8794085252970263	1.5992221383519056	1.955008034279593	1.9368264123986707	1.058462685069728	1.6730898835969141	1.1539386168763524	1.6305694602765526	0.555395268320831	1.7599538372763992	0.8204175615796908	0.6737588652482269
0.0	0.02405363961634445	0.022259045828902136	0.07927300850734725	0.03079585282515288	0.0339946713352682	0.012414649286157667	0.02760436573661188	0.05283112685685872	0.024871662222929684	0.031575623618566466	0.01856665428889714	0.01839602032760246	0.045274476513865305	0.020788318225055592	0.10193799357907811	0.04477821987385336	0.02678093197643278	0.05342112619188123	0.034398245689469836	0.022246795479974612	0.016026925234393783	0.009912276354264758	0.0	0.014425851125216388	0.023219364950368606	0.02364066193853428
0.0	1.565992162522425	2.2407439467761483	1.62122969837587	1.561789678989896	1.0818804152449104	1.8208152286364576	2.0873147322376524	1.2259929144135744	1.2067730510565482	2.0839911588253868	1.0644881792301026	1.4992756566996006	2.024617996604414	1.50053860642674	1.8893679844398097	1.748909330501644	2.7316550615961437	2.2753672702425694	1.4576256610912843	1.544189333315885	1.5225578972674092	1.7296922238192	2.2504327755337563	2.553375649163301	1.064220893558561	1.1938534278959811
0.0	1.2367579702737104	1.4295253876783816	1.5641918020108276	1.4532709595107858	1.4120536605887026	1.5973515414856196	1.5946829744765787	1.5507489589160295	1.5042381312427873	1.7366592990211556	2.1661096670379996	1.1213907391367668	1.2761743067345783	0.9291748297562727	1.692522203735383	1.5416501413712371	2.222817354043921	1.5908314439233469	0.9466683865789511	1.575596573993496	1.2787196776298466	1.9477623036130247	1.0675129832660126	1.3848817080207732	0.7894584083125327	0.9692671394799054
0.0	0.6815197891297594	0.6281997378379047	0.9290409899458624	0.7200363684357173	0.6973156957646889	0.7034967928822677	0.687985730666327	1.2089004910187084	0.7426678339766803	0.5367856015156299	0.4208441638816685	0.5541801123690242	0.9818902093944539	0.6488475082365837	1.4072129918215266	0.9966352366209076	1.3926084627745046	1.2467000031058795	0.64568373679609	0.7864896519685143	0.6044440374114226	0.7037716211527978	0.18753606462781305	0.51933064050779	0.3966641512354637	0.37825059101654845
0.0	0.011024584824157873	0.0024732273143224593	0.029969064191802012	0.014664691821501371	0.022946403151306034	0.016552865714876887	0.023357540238671592	0.03884641680651377	0.012435831111464842	0.0	0.0	0.009964511010784667	0.01697792869269949	0.009449235556843452	0.05389824947859302	0.03454319818840116	0.0	0.031679970183557477	0.010749451777959324	0.024209748022325315	0.01259258411273797	0.009912276354264758	0.0	0.0	0.021284417871171222	0.0
0.0	2.984154664902733	4.038780204288576	3.7006960556844546	3.657374140282442	2.929490802316737	4.4692737430167595	4.155518749734574	3.710609733358195	2.864718054837041	4.610041048310704	5.371951974254239	3.482979848692733	4.455291454442558	2.9802888946284245	4.417898905631195	3.8253393549377583	3.508302088912694	4.629623878001056	2.912384801708446	3.5961290575864844	3.1458564674367224	4.143331516082668	4.71004039238315	3.058280438545874	1.9794508620189237	3.215130023640662
0.0	0.0	0.0	0.0	0.0	0.0	0.0	0.0	0.0	0.0	0.0	0.0	0.0	0.0	0.0	0.0	0.0	0.0	0.0	0.0	0.0	0.0	0.0	0.0	0.0	0.0	0.0
0.0	0.05261733666075348	0.03462518240051443	0.08604021655065738	0.06599111319675617	0.07648801050435344	0.074487895716946	0.14014524143202955	0.1569395238983156	0.07312268693541327	0.06315124723713293	0.01856665428889714	0.07205107961644297	0.08205998868138087	0.0579553114153065	0.19801748178004827	0.1522459475711014	0.0	0.11181165947137932	0.07739605280130714	0.09487603954695055	0.08471374766750998	0.07929821083411806	0.007212925562608194	0.08655510675129832	0.052243571138329364	0.0
50.0	1.352014993435361	1.4814631612791531	1.9044856921887083	1.2802275960170697	1.3266420488588413	1.9449617214980344	1.8240115513653543	2.051090807383927	1.7365394564049506	1.1051468266498263	1.3429879935635598	1.231000360255398	1.7232597623089982	1.2321803166123861	2.47990532655309	1.8128782160357202	2.1424745581146225	2.024412212317918	1.2999670350145476	1.576250891507613	1.3462617196890776	1.506666005848243	0.8366993652625505	1.03866128101558	0.8455718736092568	0.7919621749408984
0.0	0.01503352476021528	0.007419681942967378	0.019334880123743233	0.011731753457201097	0.016572402275943247	0.02069108214359611	0.019110714740731304	0.03573870346199266	0.015420430578216404	0.0	0.006188884762965714	0.02222852456251964	0.022637238256932653	0.02141826726217849	0.03690858388208	0.029425687345675064	0.02678093197643278	0.011181165947137932	0.019349013200326785	0.022901112994091512	0.004579121495541081	0.009912276354264758	0.0	0.0	0.013544629554381687	0.0
0.0	2.143279513314692	2.3223604481487894	2.1780742459396754	2.2495637254183105	2.058377349350489	2.92571901510449	2.8283857816282327	2.1070296475853065	2.07976839508138	2.0839911588253868	4.010397326401782	1.972973180135364	2.364176570458404	1.6548761205218498	2.810910880416188	2.4896690249862465	2.1156936261381896	2.166040314314998	1.7012799013916957	2.2403831683362667	1.8579785468157934	2.359121772315012	2.1999422965954993	1.5147143681477206	1.265455389795089	1.3238770685579195
0.0	0.026058109584373153	0.014839363885934756	0.057037896365042536	0.041061137100203836	0.028895470634977966	0.028967515001034554	0.025480952987641737	0.07303126359624589	0.033328027378725776	0.06315124723713293	0.0	0.0383250423491718	0.03537068477645727	0.04094668741298829	0.06034260539451175	0.06141013011271318	0.08034279592929834	0.040997608472839085	0.020065643318857403	0.049073813558767526	0.020606046729934862	0.02973682906279427	0.007212925562608194	0.0	0.04450378282153983	0.0
0.0	1.8826984174709602	2.233324264833181	1.9518561484918793	1.8213547242304704	1.8956278603328929	2.404303745085868	2.594810379241517	2.39915470197029	1.8623900672529747	2.5892011367224503	2.976853570986508	2.2803400197757218	2.538200339558574	1.7518882722387759	2.8659808309704027	2.1378401545488273	1.9014461703267274	2.6449669223840733	1.5687033294635306	1.976693210147156	1.988483509438714	2.5573672994003074	2.6471436814772074	2.091748413156376	1.1164644646968906	2.375886524822695
0.0	0.05762851158082524	0.09398263794425346	0.10150812064965198	0.060125236468155624	0.09688481330551436	0.033105731429753774	0.05945555697116405	0.1010006836969358	0.06217915555732421	0.0	0.012377769525931427	0.07971608808627734	0.12874929258630446	0.08378322193734526	0.12244276240245588	0.09979146143315891	0.05356186395286556	0.09069167934900767	0.056613779363919106	0.10011057965988576	0.041212093459869724	0.049561381771323784	0.014425851125216388	0.028851702250432775	0.10255219519746135	0.01182033096926714
0.0	0.7737254076590797	1.001657062300596	1.1861948955916473	0.737633998621519	0.7725289060939697	1.7214980343471964	1.3462436828470719	1.0643918204984772	1.0351585817183333	1.2314493211240922	0.34657754672608	0.8155569011903758	1.0200905489530276	0.7042830235033986	1.3849506713847164	1.1680718498522318	1.1783610069630424	0.9168556076653104	0.7424288027977239	0.9749330960341815	0.7097638318088675	1.1944293006889033	0.49047893825735717	0.6058857472590883	0.508891081828912	0.3191489361702128
0.0	1.4432183769806668	2.0651448074592538	1.47138437741686	1.648311360736754	1.1328724222478126	2.437409476515622	1.979020682040175	1.6237802225122755	1.242588244657567	1.705083675402589	3.174897883401411	1.8081754980339253	1.586021505376344	1.2271407243154029	1.5325850069130365	1.5915458720878164	1.44617032672737	1.6187843587911916	1.263418898969486	1.8360149446120224	1.2466658271610591	1.714823809287803	3.5559723023658396	1.298326601269475	0.7526944138077823	1.784869976359338
0.0	1.8546358379185583	1.6644819825390151	1.530355761794277	1.3271546098458742	1.690385032146211	1.4980343471963584	1.6053000382214295	2.0448753806948847	1.908651358987624	0.8209662140827282	2.351776209926971	1.357473000007665	1.6072439162422185	1.2517087367631958	2.1002741780516954	1.6158540485907655	1.7675415104445635	1.7423983600956612	1.34869788307463	1.4231405932042582	1.4080798598788822	1.0655697080834614	1.969128678592037	1.3127524523946912	1.0971149939049167	0.6973995271867612
0.0	0.8614209687603356	1.2366136571612296	1.3950116009280742	0.8681497558328811	0.9760720007138881	1.9159942064969997	1.586189323480698	1.4357635651687488	1.0082971865175694	1.1051468266498263	0.6126995915336056	1.3843005296520852	1.4954725523486134	1.0841422928885054	1.5519180746607926	1.251231401046531	0.7766470273165507	1.3069540640432338	1.0211979189061358	1.2818080101550078	0.8780465467700022	1.571095802150964	1.190132717830352	0.706866705135603	0.6056384357887812	0.7919621749408984
0.0	0.6198823376128767	0.7889595132688645	0.6979891724671307	0.41647724773063893	0.602130616025938	0.8276432857438444	1.0001274047649382	0.6199888122319597	0.9764614588722194	0.4420587306599305	0.17328877336304	0.5219870767957199	0.5659309564233164	0.4264754981322011	0.9766128465305931	0.8111254685720866	0.42849491162292447	0.6994440475820729	0.40919579768098496	0.7648971740026566	0.6548143738623745	0.5699558903702235	0.10819388343912291	0.5626081938834391	0.3657049979683056	0.22458628841607564
0.0	0.4189342233179991	0.21517077634605397	0.4253673627223511	0.2595650452405743	0.29915310775036014	0.5172770535899027	0.31214167409861127	0.43352601156069365	0.3218393091647101	0.12630249447426586	0.055699962866691426	0.3341943692847781	0.4202037351443124	0.335762836786504	0.47981159046704003	0.4132390005501324	0.34815211569362614	0.4174301953598161	0.3274999641684941	0.4887751830453246	0.20033656542992226	0.24780690885661893	0.08655510675129832	0.24523946912867858	0.27476248524602853	0.2127659574468085
0.0	0.003006704952043056	0.0024732273143224593	0.004833720030935808	0.0029329383643002744	0.0038244005252176722	0.008276432857438443	0.006370238246910434	0.007769283361302753	0.004476899200127343	0.031575623618566466	0.0	0.006132006775867487	0.0	0.002519796148491587	0.009373608604972699	0.005117510842726098	0.0	0.005590582973568966	0.0028665204741224865	0.0039259050847014025	0.0034343411216558105	0.0	0.0	0.0	0.003869894158394768	0.0
0.0	0.0	0.0	0.0	0.0	0.0	0.0	0.0	0.0	0.0	0.0	0.0	0.0	0.0	0.0	0.0	0.0	0.0	0.0	0.0	0.0	0.0	0.0	0.0	0.0	0.0	0.0
0.0	5.424095733485673	6.331461924665496	4.853054911059552	4.801220102359549	4.327521660979642	6.712187047382578	6.4636684078651205	5.875132077817142	5.743364240518923	4.452162930217872	7.661839336551553	6.281474441029257	5.403225806451613	4.6420944545586265	5.780001406041291	4.944794851784092	3.7761114086770218	5.714818150759387	4.096257757521033	5.637599701631213	4.469222579648094	5.22872577687466	9.852856318522793	4.212348528563186	2.9295098779048394	6.418439716312057
0.0	0.0	0.0	0.0	0.0	0.0	0.0	0.0	0.0	0.0	0.0	0.0	0.0	0.0	0.0	0.0	0.0	0.0	0.0	0.0	0.0	0.0	0.0	0.0	0.0	0.0	0.0
0.0	0.002004469968028704	0.0	0.0009667440061871616	0.0029329383643002744	0.0033994671335268196	0.0	0.006370238246910434	0.009323140033563304	0.004476899200127343	0.0	0.0	0.005365505928884052	0.008488964346349746	0.005039592296983174	0.008787758067161906	0.007676266264089147	0.0	0.003727055315712644	0.0028665204741224865	0.004580222598818302	0.00572390186942635	0.0	0.0	0.0	0.003869894158394768	0.0
0.0	0.3848582338615112	0.5391635545222961	0.3257927300850735	0.23903447669047234	0.24263696665547677	0.37243947858473	0.3652269928228649	0.4661570016781652	0.5546380675713319	0.0947268708556994	0.09283327144448571	0.3203973540390762	0.38483305036785515	0.3124547224129568	0.44817566142525717	0.3467113595946931	0.2945902517407606	0.3944466875795882	0.25440369207837066	0.5339230915193907	0.24727256075921836	0.20320166526242753	0.007212925562608194	0.28851702250432776	0.17221029004856717	0.09456264775413711
0.0	0.5231666616554917	0.8062721044691218	0.7202242846094354	0.3754161106304351	0.5689858114740515	0.9104076143182288	0.7155900964029388	0.7971284728696625	0.6859604441084006	0.22102936532996525	0.21661096670379998	0.824754911354177	0.6890209394453877	0.5877424516356626	0.6813441754739531	0.6537620101582591	0.45527584359935724	0.7845451439575115	0.5381892190164969	0.8597732135496071	0.6136022804025048	0.9119294245923576	0.19474899019042125	0.447201384881708	0.40440393955225323	2.8486997635933804
0.0	1.8100363811299198	0.7221823757821582	1.2538669760247487	0.9898666979513425	1.114175353013415	0.5627974343058142	1.3568607465919225	1.3736092982783268	1.5897966492896654	0.25260498894853173	0.42703304864463426	0.9926185968435495	0.9804753820033956	0.8277530347794864	1.505050031635929	1.097706075764748	0.723085163363685	1.1659471379321056	0.7209298992418053	1.1463642847328095	0.8711778645266905	0.5749120285473559	0.8222735141373341	0.8078476630121177	0.6617519010855053	0.49645390070921985
0.0	1.5720055724265112	1.916751168599906	1.6047950502706883	1.3638163393996274	1.0670077465357306	2.516035588661287	1.5161167027646834	1.8599664366958792	1.428628278085081	1.010419955794127	1.2192102983042457	2.6651234449614067	1.430390492359932	2.1040297839904754	1.3644459025613385	1.070839143840436	0.6963042313872523	1.9821722520731746	1.280618021814221	2.2358029457374484	1.021144093505661	1.3530257223571394	5.416907097518753	1.1829197922677437	0.8591165031636385	1.5602836879432624
0.0	1.614099441755114	1.9390102144288082	0.9899458623356535	1.3271546098458742	1.226782701811491	1.8787502586385267	1.4481674947976388	1.656411212629747	2.7881133351904173	0.9156930849384275	2.6735982176011883	1.6778703540467412	1.488398415393322	1.1830442917168	1.6972090080378694	1.0362959456520349	1.339046598821639	1.2019753393173278	0.7761104183686632	1.542880698287651	1.4126589813744233	1.6256133220994202	1.334391229082516	0.9953837276399308	0.5688744412840309	3.3333333333333335
0.0	1.489321186245327	0.4427076892637202	1.2113302397525136	0.7874939508146236	0.792075842111749	0.5007241878750258	1.085063914723744	1.1047920939772515	1.162998925544192	0.0947268708556994	0.20423319717786856	0.8316534189770279	0.8191850594227504	0.8246032895938719	1.1277622852857778	0.8034492023079974	0.723085163363685	0.9286579494984005	0.6234682031216408	0.965118333322428	0.5666662850732087	0.3964910541705903	0.3678592036930179	0.51933064050779	0.4953464522745303	0.7328605200945626
0.0	0.08970003106928451	0.24484950411792347	0.06670533642691415	0.03812819873590356	0.04716760647768462	0.06207324643078833	0.09767698645262667	0.09789297035241469	0.1338095427593617	0.0	0.024755539051862854	0.059020565217724565	0.07215619694397284	0.07937357867748498	0.12302861294026668	0.0729245295088469	0.10712372790573112	0.0844799204894866	0.02723194450416362	0.13217213785161389	0.04693599532929608	0.04460524359419141	0.0	0.04327755337564916	0.0367639945047503	0.0
0.0	2.396844964270323	1.5902851631093413	1.8803170920340293	1.6908389670191082	1.8293382512291199	2.271880819366853	2.025735762517518	2.1210143576356515	2.05141470014724	1.484054310072624	2.7973759128605025	2.852149651625365	2.0118845500848894	2.5191661994544643	1.7177137768612472	1.310082775737881	0.32137118371719336	2.279094325558282	1.6711814364134097	2.693825205619279	1.932389271118336	2.3244288050750854	3.8733410271206	1.0675129832660126	1.12420425301368	3.9479905437352247
0.0	0.044599456788638664	0.10140231988722083	0.027068832173240527	0.017597630185801644	0.018272135842706656	0.012414649286157667	0.044591667728373044	0.04661570016781652	0.06118428906840702	0.0	0.0	0.03755854150218836	0.042444821731748725	0.03212740089326774	0.060928455932322545	0.049895730716579455	0.08034279592929834	0.03975525670093487	0.018632383081796162	0.05169108361523513	0.013737364486623242	0.014868414531397135	0.0	0.014425851125216388	0.015479576633579071	0.0
0.0	1.2758451346502702	0.26463532263250317	0.872969837587007	0.5103312753882477	0.587682880708449	0.16552865714876888	0.7495647003864612	0.8608365964323451	0.908313104381392	0.06315124723713293	0.10521104097041713	0.5480481055931566	0.5362195812110923	0.5556150507423949	0.7446160335575188	0.48872228548034236	0.6427423674343867	0.5975712022859273	0.5102406443938026	0.6641322768286538	0.33771021029615467	0.3122367051593398	0.15147143681477207	0.20196191575302944	0.33474584470114743	0.40189125295508277
0.0	1.5955580945508483	2.1566542180891846	0.7724284609435421	1.4796674047894884	1.333865916517586	1.5683840264845852	1.4736484477852805	1.2089004910187084	3.488001910143659	0.4420587306599305	2.0423319717786854	1.427991077930141	1.2818336162988115	1.1666656167516047	2.0141541489935086	0.7074958740068831	0.5623995715050883	1.1466906854675902	0.6026859296842527	1.5396091107170666	1.0154201916362346	1.4224116568369927	1.3993075591459896	1.081938834391229	0.5940287533135968	1.962174940898345
0.0	2.2019102598795315	0.5935745554373902	1.7498066511987627	1.2479652740097666	1.2276325685948728	1.3656114214773432	1.4099460653161762	1.7682888930325067	1.614668311512595	0.22102936532996525	0.9964104468374799	1.9538106589607782	1.3525749858517262	2.1569455031087985	1.2255993251001804	1.0081496360170412	0.2678093197643278	1.8163182905239619	1.2089550099611586	2.396110736696089	1.0863965748171214	1.362937998711404	1.673398730525101	0.6924408540103866	0.7875234612333353	1.016548463356974
0.0	0.07416538881706204	0.13850072960205773	0.0831399845320959	0.0395946679180537	0.05906574144502849	0.02069108214359611	0.13589841593408927	0.07924669028528808	0.13579927573719608	0.0	0.006188884762965714	0.14026965499796878	0.052348613469156764	0.08000352771460789	0.10428139573032127	0.08827706203702519	0.02678093197643278	0.08075286517377396	0.04944747817861289	0.10272784971635336	0.0881480887891658	0.22302621797095704	0.007212925562608194	0.0	0.05804841237592152	0.8747044917257684
0.0	0.0	0.0	0.0	0.0	0.0	0.0	0.0	0.0	0.0	0.0	0.0	0.0	0.0	0.0	0.0	0.0	0.0	0.0	0.0	0.0	0.0	0.0	0.0	0.0	0.0	0.0
0.0	4.220912635176443	3.0593821878168823	2.308584686774942	3.0341247378686336	3.8804917329208646	2.4291330436581835	3.66076357922453	2.891727267076885	6.256715348800191	0.9156930849384275	4.103230597846268	3.61175199098595	2.538200339558574	3.569921193375456	3.7394839828462962	1.514783209446925	1.0712372790573113	2.7437338882504583	2.1348411231027216	4.120891703908239	2.8928600048080777	2.696139168360014	2.207155222158107	2.8851702250432774	1.5615022929122888	3.4988179669030735
0.0	0.008518997364121992	0.027205500457547053	0.018368136117556073	0.011731753457201097	0.01189813496734387	0.012414649286157667	0.019110714740731304	0.02641556342842936	0.026861395200764058	0.0	0.006188884762965714	0.023761526256486514	0.0155631013016412	0.02330811437354718	0.03632273334426921	0.02558755421363049	0.0	0.01863527657856322	0.0071663011853062165	0.028135653107026717	0.01946126635604959	0.049561381771323784	0.0	0.0	0.017414523712776457	0.26004728132387706
0.0	1.158583641520591	0.22011723097469887	0.8410672853828306	0.5337947823026499	0.5893826142752123	0.38071591144216843	0.6816154924194164	0.7536204860463671	0.8854311751362967	0.031575623618566466	0.29706646862235425	1.0025831078543341	0.680531975099038	1.390927473967356	0.5559721603824432	0.5117510842726098	0.0	0.7367146007391993	0.5883533273136403	1.4748316768194933	0.5815484299337172	0.8128066610497101	0.20196191575302944	0.28851702250432776	0.3560302625723186	0.6619385342789598
0.0	1.1580825240285837	2.9134617762718573	0.6119489559164734	1.6351131380974029	1.321967781550242	0.728326091454583	1.8537393298509364	1.0768226738765616	3.5188427713000916	0.12630249447426586	1.55959896026736	0.9849535883737152	0.9366157328805885	1.0110682045822492	1.976659714573618	0.49895730716579456	1.5265131226566684	0.914370904121502	0.5912198477877628	1.739830270036838	0.6914473458267032	0.5451751994845616	1.03866128101558	0.9953837276399308	0.5011512935121224	1.867612293144208
0.0	1.9237900518155486	0.37840377909133627	1.2635344160866202	0.8373539030077283	2.0588022827421804	1.0014483757500516	1.5458444812502654	0.8794828764994717	1.8857694297425285	0.4104831070413641	1.5348434212154969	2.1584663851053554	0.8644595359366157	2.484519002412705	1.1219037799076699	0.45673784271330425	0.0	1.3653445973227318	1.5830359318341432	1.852372882464945	1.6999988552196261	1.387718689597066	0.706866705135603	0.5049047893825735	0.5437201292544649	2.021276595744681
0.0	0.08118103370516251	0.009892909257289837	0.08507347254447023	0.027862914460852605	0.042068405777394395	0.0	0.1040472246995371	0.055938840201379826	0.04078952604560468	0.0	0.0	0.023761526256486514	0.038200339558573854	0.016378674965195315	0.03163592904178286	0.021749421081585917	0.0	0.026089387209988508	0.03081509509681673	0.025518383050559115	0.01946126635604959	0.0	0.0	0.0	0.013544629554381687	0.0
0.0	1.1831383986289425	2.636460317067742	0.7685614849187935	1.337419894120925	1.2735253748974849	0.40140699358576454	1.6074234509703997	1.2741624712536517	3.4427354848979266	0.031575623618566466	1.058299294467137	1.1750457984256073	0.8488964346349746	1.4992787083524943	1.8143791156000282	0.5885137469135012	1.205141938939475	0.9218250147529273	0.7546115148127446	2.1370010011057965	0.5735349673165203	0.7533330029241215	0.5049047893825735	1.009809578765147	0.4314931986610166	1.7375886524822695
0.0	0.04209386932860278	0.0049464546286449185	0.04060324825986079	0.010265284275050959	0.019546936017779213	0.0	0.06370238246910434	0.05127727018459817	0.020892196267260934	0.0	0.0	0.015330016939668718	0.012733446519524618	0.008819286519720554	0.019918918285566987	0.010235021685452195	0.0	0.013665869490946362	0.018632383081796162	0.009814762711753506	0.009158242991082161	0.0	0.0	0.014425851125216388	0.003869894158394768	0.0
0.0	2.664942822494162	2.621620953181807	1.620262954369683	1.9650687040811838	3.244791378951349	1.3738878543347817	2.539601647768293	1.6377649325626205	4.41770464403677	0.6315124723713293	4.579774724594628	3.031510849819489	1.3978494623655915	3.009896499373201	2.5865301244346544	0.9646507938538694	0.723085163363685	1.8852688138646458	2.681629903541586	3.1152056847105625	2.275823383283917	1.4471923477226545	1.2406231967686094	1.4281592613964225	1.1222693059344826	5.484633569739953
0.0	0.1127514357016146	0.0	0.0628383604021655	0.03666172955375343	0.052691740569665704	0.0	0.08281309720983565	0.03884641680651377	0.1024712483584703	0.0	0.0	0.12264013551734974	0.049518958687040183	0.22615170432711992	0.054484100016403816	0.046057597584534885	0.0	0.03478584961331801	0.03941465651918419	0.20022115931977152	0.059528579442034046	0.07929821083411806	0.014425851125216388	0.0	0.02515431202956599	0.03546099290780142
0.0	0.3803481764334466	1.5432938441372146	0.5220417633410673	0.6511123168746609	0.7814525073194777	0.148975791433892	0.5627043784770884	0.6557275156939524	1.992717577301126	0.0	0.12996658002227998	0.6017031648819972	0.30560271646859083	0.45860289902546886	0.9109975862957842	0.2034210559983624	0.21424745581146223	0.3012703046867721	0.40561264708833183	0.7930328271096833	0.12134671963183863	0.1139911780740447	0.1154068090017311	0.49047893825735717	0.11222693059344827	0.8628841607565012
0.0	1.6727301883199535	0.12613459303044544	0.974477958236659	0.7200363684357173	1.7460513064577128	0.7821229050279329	1.0171147067566995	0.4242028715271303	1.7882725138286442	0.0947268708556994	2.5188760985270453	2.123973846991101	0.7243916242218449	1.9811897217515102	1.1523680078738312	0.44138531018512595	0.0	1.1827188868528125	2.3555631996101534	1.714966204500396	1.9507057571005002	1.808990434653318	0.3173687247547605	0.3317945758799769	0.2283237553452913	6.0638297872340425
0.0	0.2756146206039468	0.8013256498404768	0.36446249033255995	0.4150107785484888	0.6786186265302914	0.04965859714463067	0.34823969083110373	0.40244887811548263	1.325659596482152	0.0	0.024755539051862854	0.4744640242827468	0.12591963780418788	0.2878867099651638	0.5799920324326858	0.1407315481749677	0.16068559185859668	0.18014100692611112	0.2823522667010649	0.5326144564911569	0.08242418691973945	0.03964910541705903	0.02163877668782458	0.24523946912867858	0.08900756564307966	0.5673758865248227
0.0	2.2485141866361986	0.6380926470951945	1.2722351121423048	1.3535510551245766	2.600592357148017	0.840057935030002	1.348367095596042	1.275716327925912	2.834872060169525	0.0947268708556994	4.28889714073524	3.203207039543779	1.05970571590266	2.2608870942340764	1.6362805521055468	0.7036577408748385	0.10712372790573112	1.5262291517843278	2.6952458757936677	2.1376553186199136	2.3960253225418704	2.1162710016355257	0.5770340450086555	2.034045008655511	2.8327625239449703	6.134751773049645
0.0	0.0917045010373132	0.16323300274528232	0.13051044083526683	0.09678696602190905	0.270682570507073	0.012414649286157667	0.07431944621395507	0.12120082043632295	0.4476899200127343	0.0	0.0	0.2261177498601136	0.025466893039049237	0.07055429215776443	0.18454291941040002	0.06908639637680232	0.08034279592929834	0.0596328850514023	0.0960284358831033	0.18778912655155042	0.010303023364967431	0.004956138177132379	0.0	0.10098095787651472	0.02515431202956599	0.14184397163120568
0.0	1.4913256562133559	0.1286078203447679	0.7405259087393659	0.4076784326377381	1.3117693801496615	0.260707635009311	0.5372234254894467	0.46460314500590466	1.9822714791674958	0.0	1.1387547963856912	2.2182534511700633	0.5319750990379174	1.2964351183989216	1.0908537014036979	0.3518288704374192	0.0	0.7565922290896667	1.8582218973499018	1.2170305762574347	2.1876752944947513	1.9874114090300838	0.08655510675129832	0.18753606462781305	0.12190166598943519	4.58628841607565
0.0	1.9693917435882018	0.2868943684614053	0.938708430007734	1.8301535393233712	2.009934942697732	0.35174839644113387	1.1339024079500573	1.2259929144135744	1.7171395598710653	0.12630249447426586	2.265131823245451	2.7563370457524354	0.9762308998302207	1.95284201508098	1.1881048906802896	0.49895730716579456	0.0	1.6895984097897319	2.2344527095784783	1.8019904338779436	1.9850491683170584	1.7247360856420677	1.0891517599538372	1.6156953260242355	3.486774636713686	3.120567375886525
0.0	0.00751676238010764	0.0049464546286449185	0.036736272235112145	0.0	0.029745337418359673	0.0	0.00424682549794029	0.015538566722605507	0.05322535715706952	0.0	0.0	0.02836053133838713	0.008488964346349746	0.013228929779580833	0.027534975277107306	0.011514399396133721	0.0	0.006211758859521074	0.008599561422367459	0.024864065536442215	0.0022895607477705403	0.0	0.0	0.0	0.003869894158394768	0.0
0.0	1.005241688966395	0.009892909257289837	0.33546017014694507	0.13784810312211287	0.41133552315674515	0.016552865714876887	0.20172421115216377	0.19578594070482938	1.0883839388754029	0.0	0.33419977720014854	1.329112468669278	0.19241652518392757	0.5417561719256913	0.7662925034565182	0.15352532528178295	0.0	0.2553032891263161	1.4017285118458958	0.6837618022521609	1.44013371034767	1.100262675323388	0.0	0.028851702250432775	0.0367639945047503	2.127659574468085
0.0	1.5314150555739299	0.1335542749734128	0.9174400618716164	2.8244196448211643	2.027357211757057	0.28967515001034555	2.1913619569371896	1.266393187892349	0.8197699868677624	0.06315124723713293	3.0634979576680283	1.902455102212888	1.1516694963214489	1.6403872926680232	0.7955850303470579	0.4106802451287694	0.02678093197643278	1.53865266950337	2.126958191798885	1.6128926722981594	0.9547468318203153	0.5848243049016206	0.8222735141373341	1.4714368147720716	4.229794315125481	1.1229314420803782
0.0	0.4023973460817623	0.0	0.08120649651972157	0.06159170565030576	0.09900948026396862	0.004138216428719222	0.11041746294644753	0.09323140033563304	0.41038242667833974	0.0	0.08664438668152	0.5265860818776205	0.0933786078098472	0.18142532269139428	0.3726009420476648	0.08443892890498061	0.0	0.092555207006864	0.7316793510197647	0.25583814801970806	0.4418852243197143	0.38162263963919313	0.0	0.014425851125216388	0.007739788316789536	0.6619385342789598
0.0	1.1625925814566482	0.09645586525857591	1.1562258313998452	4.287955888607001	2.623538760299323	0.3889923442996069	2.4398012485666962	1.3751631549505874	0.47256158223566397	0.0	3.280108924371828	1.7131293930079792	1.8633276740237692	1.72669031075386	0.5173060248869309	0.41707713368217697	0.02678093197643278	1.4392645277510328	2.378495363403133	1.5507325084570538	0.398383570112074	0.29736829062794273	0.930467397576457	1.370455856895557	5.30368994408003	0.4846335697399527
0.0	0.8709422011084719	0.08161650137264116	1.352474864655839	4.023991435819976	3.1585299004381064	0.6662528450237948	2.110672272476324	1.2057927776741872	0.1721119025826734	0.0	2.6983537566530513	1.3697370135594	2.129315223542728	1.597550758143666	0.20856279146064255	0.32496193851310723	0.0	1.400751622822002	2.3003826804832954	1.4610910090230385	0.10188545327578905	0.05947365812558854	0.43277553375649164	1.1829197922677437	6.222789806698787	0.2127659574468085
0.0	0.7411527706786133	0.027205500457547053	1.686968290796597	3.5371236673461306	2.8232574543940236	0.5917649493068488	1.8409988533571156	0.8437441730374791	0.07262525369095467	0.0	1.1820769897264514	1.3659045093244828	1.8109790605546123	1.3896675758931103	0.08143322475570032	0.30577127285288436	0.0	1.3199987576482282	2.4759570595232976	1.2811536926408909	0.027474728973246484	0.004956138177132379	0.30294287362954414	1.154068090017311	7.045142315357675	0.0591016548463357
0.0	0.5672650009521233	0.009892909257289837	1.7024361948955917	2.5751198838556406	2.2045544360921427	0.4138216428719222	1.5458444812502654	0.48324942507303126	0.0392972263122289	0.0	0.43322193340759996	1.3030514398718411	1.586021505376344	1.2781665963223576	0.033979331193026034	0.2354054987654005	0.0	0.9423238189893468	2.3992776368405213	0.9304395050742323	0.013737364486623242	0.019824552708529515	0.19474899019042125	1.154068090017311	6.654283005359804	0.01182033096926714
0.0	0.6960521963979674	0.0049464546286449185	2.3665893271461718	2.642577466234547	2.690253302794787	0.3434719635836954	1.6923599609292055	0.43041829821617256	0.03531776035656015	0.0	0.18566654288897141	2.0756842936311446	1.9199207696661007	2.068752637911593	0.016989665596513017	0.39404833488990954	0.0	0.9392179395595863	4.222384658382422	1.1987096858621615	0.0011447803738852702	0.0	0.04327755337564916	0.8655510675129833	10.032700605638436	0.02364066193853428
0.0	0.23903304368742295	0.0	0.962877030162413	0.6921734539748647	1.0181404064912825	0.02069108214359611	0.4926317577610736	0.1414009571757101	0.01641529706713359	0.0	0.01856665428889714	1.0455071552854065	0.812110922467459	1.1087103053362983	0.001757551613432381	0.14329030359633074	0.0	0.2838773798801131	2.4437087041894197	0.4841949604465063	0.0	0.0	0.0	0.15868436237738026	4.941854840270119	0.0
0.0	0.08869779608527015	0.0	0.36832946635730857	0.13491516475781262	0.31954991055152104	0.004138216428719222	0.09555357370365651	0.07613897694076699	0.001989732977834375	0.0	0.012377769525931427	0.418509462452956	0.2560837577815506	0.46238259324820624	0.0011717010756215874	0.046057597584534885	0.0	0.10870578004161878	1.0520130140029524	0.183863221466849	0.0	0.0	0.0	0.1154068090017311	2.1245718929587274	0.0
0.0	0.0125279373001794	0.0	0.056071152358855375	0.010265284275050959	0.02932040402666882	0.0	0.00424682549794029	0.015538566722605507	0.0	0.0	0.0	0.0789495872392939	0.043859649122807015	0.05291571911832333	0.0005858505378107937	0.002558755421363049	0.0	0.008696462403329502	0.10534462742400137	0.019629525423507013	0.0	0.0	0.0	0.0	0.32120121514676575	0.0
0.0	0.000501117492007176	0.0	0.0009667440061871616	0.0	0.0012748001750725573	0.0	0.0	0.0	0.0	0.0	0.0	0.0038325042349171795	0.0	0.0018898471113686904	0.0	0.0	0.0	0.0006211758859521073	0.0021498903555918648	0.0006543175141169004	0.0	0.0	0.0	0.0	0.007739788316789536	0.0
0.0	0.0	0.0	0.0	0.0	0.0	0.0	0.0	0.0	0.0	0.0	0.0	0.0	0.0	0.0	0.0	0.0	0.0	0.0	0.0	0.0	0.0	0.0	0.0	0.0	0.0	0.0
0.0	0.0	0.0	0.0	0.0	0.0	0.0	0.0	0.0	0.0	0.0	0.0	0.0	0.0	0.0	0.0	0.0	0.0	0.0	0.0	0.0	0.0	0.0	0.0	0.0	0.0	0.0
0.0	0.0	0.0	0.0	0.0	0.0	0.0	0.0	0.0	0.0	0.0	0.0	0.0	0.0	0.0	0.0	0.0	0.0	0.0	0.0	0.0	0.0	0.0	0.0	0.0	0.0	0.0
